{
  "0": 0.240178075426867,
  "1": 2.5591234191613172,
  "4": 0.200698505411816
}