cfg,wis,ess,ci,n_dedup
"{'temp': 0.25, 'alpha': 0.3, 'tau': 0.01, 'clip': 2.5}",3.944551738416058,225.12750229549948,"[3.651346703478684, 4.219214614098274]",4927
