temp,alpha,tau,clip,wis_orig,ess_orig,wis_dedup,ess_dedup,behavior_orig,behavior_dedup,n_orig,n_dedup
0.25,0.2,0.0,3.0,4.875768298059576,912.4644400681457,4.8719208729434245,182.88005651769856,3.73648283255796,3.7364828325579595,24635,4927
0.25,0.4,0.01,3.0,3.808715497891753,823.7791276607941,3.8058316559116974,164.821942524762,3.73648283255796,3.7364828325579595,24635,4927
0.25,0.4,0.01,2.0,3.3619413058880543,1251.9326828479711,3.3619457120208756,250.2724157830034,3.73648283255796,3.7364828325579595,24635,4927
0.25,0.6,0.01,1.5,2.3150977867190004,1258.428097831139,2.31479261370614,251.42587350987998,3.73648283255796,3.7364828325579595,24635,4927
